id;document;name;phoneNumber;birthDate;state;gender;filial
1;78843099205;Sr. Filadelfo Xavier;(54) 0373-6523;26-Apr-1983;Rio de Janeiro;male;filial_1
2;916.877.844-93;Deocleciano Oliveira;(94) 2988-1493;30-Dec-1985;Paraná;female;filial_1
3;53404621450;Giusepe Carvalho Neto;+55 (04) 5885-2607;01-Apr-1963;ES;female;filial_1
4;33601705800;Sra. Leone Batista;(52) 7927-0585;22-Dec-1979;AL;female;filial_1
5;56332645060243;Srta. Edelswitha Moraes Filho;+55 (35) 6111-6450;11-Jan-1982;Maranhão;female;filial_1
6;89654563207;Abrão Pereira;(90) 0719-1688;29-Nov-1986;RR;female;filial_1
7;63158733323;Srta. Franziska;(85) 5518-3928;23-Sep-1983;AL;female;filial_1
8;49647078579;Srta. Carmencita Neto;(23) 69749-9566;24-May-1970;Pernambuco;female;filial_1
9;37842580742669;Sra. Srta. Gianni Reis;(30) 2880-1689;29-Aug-1982;CE;female;filial_1
10;54835740106;Yukiko Albuquerque;Usabilidade;28-Sep-1983;MS;female;filial_1
11;356.781.869-49;Sra. Oscar Saraiva;(60) 6506-9073;01-Oct-1976;AM;female;filial_1
12;47787684852;Hideo Carvalho;(22) 8907-1006;19-Sep-1975;RR;female;filial_1
13;50177428759;Liodonio;(34) 49036-7853;18-Apr-1977;AP;female;filial_1
14;22135664880;Dr. Wany Martins;(53) 78324-4152;07-Feb-1965;Mato Grosso do Sul;;filial_1
15;42944125850;Sra. Jenivaldo Neto;+55 (65) 0650-1686;26-Aug-1976;MS;male;filial_1
16;12385356236;Monica Reis Jr.;(63) 75049-3466;16-Dec-1968;Mato Grosso do Sul;female;filial_1
17;218.309.921-63;Dr. Jan Souza;(21) 49480-7625;09-Sep-1984;SP;;filial_1
18;63969428955;Cornelio Macedo Filho;+55 (23) 4015-2727;06-Aug-1974;Roraima;;filial_1
19;72428356151;Sra. Klaus Santos Neto;(52) 5258-4290;23-Jan-1974;Ceará;male;filial_1
20;23818373156269;Nilma Albuquerque;+55 (29) 0582-3442;25-Oct-1967;DF;female;filial_1
21;32615219618;Josilene Souza;(55) 36574-4016;17-Aug-1962;MA;male;filial_1
22;44888127590;Srta. Mariella Costa;+55 (23) 6066-7402;06-Sep-1984;Minas Gerais;male;filial_1
23;00856812855074;Dr. Elvani Albuquerque;(89) 1421-2975;21-Jul-1970;Santa Catarina;male;filial_1
24;88.087.660/1715-09;Luciana Jr.;(95) 46522-4437;18-Apr-1975;PB;female;filial_1
25;20664467620362;Luiz Braga;(04) 1599-5716;08-Nov-1974;Santa Catarina;female;filial_1
26;48.235.334/5505-96;Junia Batista;(51) 92329-9427;01-Nov-1971;GO;male;filial_1
27;36368222093;Celia Saraiva Neto;(31) 7526-4424;25-Apr-1981;DF;male;filial_1
28;26182641347;Erica Albuquerque Filho;(29) 4913-0627;25-Apr-1966;GO;male;filial_1
29;53044373727730;Ana Albuquerque;+55 (30) 8179-2797;18-Feb-1968;Rondônia;female;filial_1
30;62066773620;Juracy Carvalho;(43) 6123-5248;03-Mar-1967;AM;male;filial_1
31;33284640690;Alison Oliveira;(89) 86491-6020;09-Jun-1973;Rondônia;;filial_1
32;186.770.773-08;Jamiro Oliveira;+55 (73) 1699-2547;12-Mar-1989;PB;female;filial_1
33;71884669395;Dr. Deijaniro Braga;(70) 81312-9846;21-Mar-1988;AP;female;filial_1
34;47371330510;Vanderlei;+55 (19) 2705-5126;15-Jun-1981;Rio Grande do Norte;male;filial_1
35;994.966.528-08;Srta. Eleni Moreira Neto;+55 (87) 0846-7723;26-Mar-1975;BA;male;filial_1
36;87984071713;Dr. Flávia Filho;+55 (29) 0327-5950;26-Dec-1972;Minas Gerais;;filial_1
37;03885467518;Dr. Daridio Costa;(29) 41924-9513;23-Apr-1989;Paraíba;;filial_1
38;21.104.657/4711-04;Sr. Elita Nogueira Neto;+55 (54) 2832-9244;03-Jul-1974;RR;male;filial_1
39;670.721.298-20;Sr. Will Costa Filho;(25) 1967-5249;21-Nov-1989;Santa Catarina;male;filial_1
40;774.882.597-18;Branca Macedo Filho;+55 (14) 0792-7549;29-Oct-1984;Goiás;female;filial_1
41;134.441.422-26;Vilson Barros Neto;+55 (33) 9183-7081;17-Jul-1965;Goiás;male;filial_1
42;72448502633;Sra. Josue Melo Jr.;(11) 99192-8799;03-Aug-1967;CE;female;filial_1
43;253.404.233-52;Srta. Maraci Neto;+55 (55) 7292-0049;29-Jul-1968;Tocantins;male;filial_1
44;630.271.195-91;Iara Melo;(24) 9826-0955;24-Jun-1988;Amapá;male;filial_1
45;67925280050;Srta. Jeferson;(28) 3587-7872;20-Oct-1970;Amapá;female;filial_1
46;41753867770;Jeovana Barros;(45) 4550-8515;12-Mar-1962;PE;;filial_1
47;611.267.156-54;Amarai;+55 (98) 4999-7156;16-Mar-1983;AL;male;filial_1
48;20145585743;Sany Martins;(94) 00433-5277;30-Jan-1976;Maranhão;male;filial_1
49;31827561054101;Sra. Eber Albuquerque Neto;+55 (80) 8729-4147;06-May-1963;Rio de Janeiro;male;filial_1
50;81781221111;Srta. Liliane Reis;+55 (57) 7741-6395;12-Sep-1975;Paraná;female;filial_1
51;21599614774;Izael Albuquerque;(84) 29987-6948;26-Jul-1986;Piauí;female;filial_1
52;57537795304;Wandyck;(48) 08016-2186;06-Mar-1967;RS;male;filial_1
53;486.430.895-08;Marcia Melo;(06) 10146-1711;29-Jan-1977;Paraíba;;filial_1
54;67243348313634;Sra. Vivian Moreira Neto;(48) 26867-6771;27-Mar-1982;Tocantins;female;filial_1
55;446.127.901-46;Sr. Alecsandro Saraiva Neto;(84) 7119-4165;20-Jul-1969;Paraíba;female;filial_1
56;54180378845100;He Pereira;(32) 09350-9634;29-Jun-1974;Distrito Federal;male;filial_1
57;591.148.748-90;Luciane;Operações;01-Apr-1965;MA;male;filial_1
58;436.459.714-75;Emílio Oliveira Filho;+55 (29) 1410-3385;28-Mar-1987;Maranhão;female;filial_1
59;50994354835;Deny;(71) 8048-0533;17-May-1970;São Paulo;male;filial_1
60;726.818.236-84;Srta. Carla Oliveira;(85) 5416-6388;28-Jul-1972;PR;male;filial_1
61;583.618.602-23;Gildevanio Silva;(86) 02786-2179;05-Feb-1988;Minas Gerais;female;filial_1
62;22.153.158/4767-24;Elenil;(21) 52044-0870;30-Dec-1979;MS;male;filial_1
63;144.627.124-20;Jemima Albuquerque;(19) 90202-6364;06-Oct-1982;BA;male;filial_1
64;16216879456;Sra. Elisangela Martins;(85) 52969-7549;06-Nov-1971;Minas Gerais;male;filial_1
65;70368875181597;Sr. Santino Macedo Neto;(25) 05274-5574;13-Nov-1965;Bahia;female;filial_1
66;78272575850;Srta. Celcina Costa;(57) 58573-4792;09-May-1967;ES;male;filial_1
67;11491528001;Sra. Cyro Neto;(61) 29667-9782;22-Sep-1965;PR;female;filial_1
68;30.281.644/4320-31;Leandra;(26) 49506-7287;08-Feb-1972;PB;female;filial_1
69;35582689893;Sra. Helbert Martins Jr.;(01) 66429-6746;25-Dec-1974;PA;female;filial_1
70;612.277.236-44;Marilis Martins;(96) 9897-8924;24-Jan-1986;Amazonas;female;filial_1
71;22786834899;Rubem Carvalho;(84) 58813-0912;06-Oct-1983;Amapá;male;filial_1
72;46268863887;Leonidas Nogueira;(77) 2606-5114;28-Sep-1969;PA;female;filial_1
73;856.928.522-17;Aquilás Martins Jr. Filho;(88) 5189-3864;20-Nov-1967;MT;;filial_1
74;37776822175;Deneli Oliveira;(19) 60559-0317;06-Jul-1985;Minas Gerais;male;filial_1
75;383.614.344-53;Luciano Saraiva Filho;(87) 2822-0701;09-Feb-1986;SP;male;filial_1
76;61.553.086/7482-76;Sr. Erivaldo Pereira Neto;(33) 72986-6954;12-Feb-1976;CE;;filial_1
77;864.582.643-72;Rosilene Barros Filho Jr.;+55 (69) 4042-7510;07-Jun-1963;Mato Grosso;;filial_1
78;62231503364836;Telma Souza;+55 (38) 3487-0972;29-Oct-1970;MT;male;filial_1
79;55350471805;Igor Souza;(60) 93823-1436;02-Feb-1977;SC;male;filial_1
80;00.454.682/7252-63;Sra. Clailton Xavier Jr.;(72) 91878-2945;20-Aug-1980;MA;male;filial_1
81;07827574564;Marinês Melo;+55 (44) 2471-4769;19-Nov-1962;Santa Catarina;female;filial_1
82;72.810.566/0466-96;Jailson Carvalho;(62) 5297-5182;03-Apr-1971;RO;male;filial_1
83;724.871.587-51;Srta. Rucy Macedo Filho;(56) 0688-6050;13-Nov-1977;Maranhão;male;filial_1
84;67978348210;Hormino Saraiva Neto;(52) 41037-8174;19-Aug-1963;SP;male;filial_1
85;65821007822713;Lenilso Carvalho;+55 (57) 1200-1055;14-Apr-1986;RN;;filial_1
86;727.842.766-51;Josefa Nogueira;+55 (82) 2920-2390;29-Apr-1979;PR;female;filial_1
87;91251261302;Dácio Reis Jr.;(12) 1999-2175;23-Jul-1974;Mato Grosso do Sul;female;filial_1
88;715.087.535-12;Sr. Deivid Souza;(09) 46296-2397;23-Mar-1981;RJ;male;filial_1
89;63.530.856/1752-31;Dr. Alcirio Oliveira;(53) 98075-5716;10-Feb-1981;PA;;filial_1
90;01712532219;Munekazu Barros Filho;(20) 5373-0334;13-Apr-1967;Mato Grosso do Sul;female;filial_1
91;002.020.513-90;Srta. Arcanjo Martins;+55 (23) 7715-5106;16-May-1962;CE;female;filial_1
92;04008443872535;Edneu Batista;+55 (66) 5831-9252;24-Nov-1967;ES;female;filial_1
93;24235842706;Srta. Zuleica Carvalho;(74) 8665-8599;31-Dec-1980;RO;female;filial_1
94;119.356.234-19;Srta. Laureci;(39) 4889-4901;16-Mar-1968;Acre;;filial_1
95;01127572764158;Marino Costa;+55 (55) 0513-6345;03-Aug-1973;Sergipe;male;filial_1
96;93072659338;Selma Barros Neto;+55 (06) 3777-8120;28-Jul-1974;MT;male;filial_1
97;82726847803;Sra. Elson Macedo;(12) 43929-0705;04-Jan-1977;RR;;filial_1
98;47841463340;Tadashi;+55 (68) 6543-1106;10-Jul-1979;Bahia;female;filial_1
99;54714351677843;Nancy Nogueira Filho;Rede;27-Jul-1967;Amazonas;;filial_1
100;17666420633;Sr. Sra. Martelenes Martins Neto;(28) 24279-4917;05-Jan-1972;SC;male;filial_1
101;87885207900;Dulcelene Franco Neto;+55 (97) 3132-3843;15-Dec-1966;AP;male;filial_1
102;84.566.188/0545-64;Janivan Costa;(75) 83451-2825;06-Aug-1984;Santa Catarina;female;filial_1
103;301.522.050-04;Sra. Dailson Jr.;(38) 8987-5406;01-Jan-1987;Rio Grande do Sul;male;filial_1
104;15647688055;Iara Braga Jr.;(06) 2956-1816;11-Mar-1964;Rondônia;male;filial_1
105;85503805470;Glaucio Reis;(00) 6437-2979;01-Sep-1986;AL;male;filial_1
106;124.339.246-00;Selma Saraiva Neto;(39) 7407-6725;10-Sep-1982;Ceará;female;filial_1
107;42874408891;Dr. Rya;(18) 99680-5941;11-Jun-1975;SP;female;filial_1
108;67331335126426;Aparecida Braga;(68) 30892-0041;15-Aug-1962;CE;male;filial_1
109;208.247.915-33;Carlito Macedo;(83) 61851-5220;25-Oct-1985;MS;;filial_1
110;642.001.829-39;Luciana Batista Jr.;(19) 9233-6615;07-Oct-1983;AL;;filial_1
111;91302385879;Narciso Santos Neto;+55 (08) 8999-1033;25-Mar-1987;Espírito Santo;;filial_1
112;503.856.261-26;Srta. Nélio Silva;+55 (74) 3246-2543;02-Apr-1963;MA;male;filial_1
113;21499666977;Sra. Candida Reis Jr.;(87) 99649-5499;23-Jun-1986;Mato Grosso do Sul;female;filial_1
114;72831517451;Dr. Marisvaldo Saraiva;Soluções;16-Sep-1962;RR;female;filial_1
115;63583253612;Valeria;+55 (84) 3409-6529;17-Nov-1969;MT;male;filial_1
116;015.385.427-81;Srta. Glacir Silva;(51) 3437-5644;06-Oct-1982;ES;female;filial_1
117;19685786763;Norberto;+55 (89) 0478-5051;08-Feb-1988;Espírito Santo;;filial_1
118;057.105.381-59;Elizangela Carvalho;+55 (93) 1768-9925;14-Oct-1981;SP;male;filial_1
119;262.530.203-82;Dr. Dr. Lorena Reis Jr.;(48) 88519-1811;07-May-1986;Mato Grosso do Sul;male;filial_1
120;07115211400;Aluísio Carvalho;+55 (73) 7590-6104;10-Apr-1980;Rio Grande do Norte;female;filial_1
121;91148738509;Misaias;(63) 0044-5590;24-Feb-1977;RR;;filial_1
122;878.417.113-87;Sr. Kechi Carvalho Jr.;(80) 1593-9381;29-Jan-1986;Minas Gerais;female;filial_1
123;42539529844;Deborah Pereira;+55 (19) 2990-3261;03-Apr-1965;Minas Gerais;female;filial_1
124;384.194.091-97;Srta. Raimundo;+55 (45) 8493-4592;03-Oct-1966;São Paulo;female;filial_1
125;728.784.218-17;Giseli Martins;+55 (21) 1132-8600;23-May-1977;Espírito Santo;female;filial_1
126;816.806.280-97;Jusley Saraiva;(15) 05702-7308;21-Dec-1978;Ceará;;filial_1
127;810.471.267-53;Huguetti Moreira;+55 (18) 7958-2102;17-Nov-1976;RJ;male;filial_1
128;51.562.428/5410-89;Romina Macedo;(78) 1935-6926;03-Feb-1963;Paraíba;female;filial_1
129;53178228233;Diogo Albuquerque Jr.;+55 (84) 4343-2080;08-Apr-1972;AC;female;filial_1
130;76933512991;Sr. Auto Filho;(50) 86465-7534;28-Mar-1969;PI;male;filial_1
131;431.527.982-02;Hiromi Jr.;+55 (79) 4389-8531;15-Oct-1976;Maranhão;;filial_1
132;47109442101;Otávio Nogueira;(87) 89145-6205;15-Jun-1962;RN;male;filial_1
133;430.644.291-83;Rikardo Pereira Jr.;(88) 66077-7852;03-Aug-1970;RS;male;filial_1
134;886.734.503-65;Srta. Valerio;+55 (54) 5938-5540;11-Sep-1984;Rio Grande do Sul;male;filial_1
135;33714418229;Fauzer Pereira Neto;+55 (05) 9813-2056;19-Nov-1976;AM;male;filial_1
136;63102220507470;Srta. Marlucio Pereira Neto Neto;(44) 1286-8080;14-Feb-1975;PE;female;filial_1
137;85.747.208/2661-56;Cibele Costa Neto;(51) 9420-5204;06-Jun-1965;Bahia;male;filial_1
138;632.910.610-04;Naide;(44) 0794-8434;30-Nov-1966;RO;;filial_1
139;21367378654807;Monica Xavier Filho;(45) 4366-3150;24-Apr-1969;RN;male;filial_1
140;55771485101;Sheila Xavier;(74) 25157-5697;28-Jun-1972;Maranhão;female;filial_1
141;83560583777331;Sra. Rodnei Carvalho Neto;(06) 0649-3296;20-Sep-1980;PE;female;filial_1
142;81543447503;Celina Barros Filho;(44) 89192-8992;23-Nov-1964;PE;male;filial_1
143;246.672.065-51;Elenita Reis Neto;+55 (62) 0727-4253;28-Mar-1978;AL;female;filial_1
144;62.145.807/1355-04;Irai Carvalho;Identidade;11-Mar-1977;PR;female;filial_1
145;772.591.761-64;Tadeu Barros;(24) 2801-7046;16-Jul-1963;PA;;filial_1
146;014.205.190-00;Edeni Carvalho;(95) 44378-7332;25-Mar-1981;Acre;female;filial_1
147;33414410184;Dr. Aldenir Carvalho;+55 (47) 8339-2211;23-Mar-1966;Espírito Santo;male;filial_1
148;155.433.881-60;Dr. Veruska;(12) 62081-1445;29-Oct-1986;Goiás;female;filial_1
149;786.120.365-42;Sra. Nezias Carvalho Jr.;(18) 68292-0258;28-Apr-1978;Roraima;male;filial_1
150;60220340832201;Ellen Moraes;(68) 06342-2564;02-Sep-1986;Maranhão;male;filial_1
151;93798391033;Elza Oliveira;+55 (46) 8209-1486;23-Feb-1963;GO;female;filial_1
152;34055777213;Sra. Joao;+55 (92) 7749-3413;04-Mar-1968;RJ;male;filial_1
153;393.368.555-90;Eulália Souza;(21) 81839-4997;23-Apr-1981;MT;female;filial_1
154;421.787.262-32;Romano Silva;(80) 9082-8541;29-Sep-1989;RR;female;filial_1
155;33727568860;Aldacir;(27) 6363-6032;30-Jun-1983;AC;female;filial_1
156;333.268.412-48;Wanderli Silva;(21) 19870-8281;13-Mar-1972;PR;male;filial_1
157;607.757.228-47;Souza Barros Neto;(98) 5447-3786;18-Jan-1988;ES;male;filial_1
158;682.696.737-57;Ricarda Batista;(49) 30877-9185;07-Jun-1972;PB;male;filial_1
159;24132858146;Sabino Nogueira Jr. Jr.;(36) 61410-3742;31-May-1980;Maranhão;;filial_1
160;69695175783;Cátia Braga;(90) 96603-7018;04-Mar-1978;GO;male;filial_1
161;03669364501;Julie Costa Neto;(00) 30775-3147;19-Dec-1969;RR;female;filial_1
162;644.561.526-05;Peterson Albuquerque;(42) 46262-8326;01-Mar-1968;RS;male;filial_1
163;13862574731247;Vânia Reis;+55 (91) 2225-3918;03-Mar-1976;Bahia;female;filial_1
164;50860511774;Sra. Abrahão Nogueira;(75) 3721-7316;13-Nov-1967;Rio de Janeiro;female;filial_1
165;71176760351;Dr. Adda;(69) 45454-6698;11-Dec-1974;CE;male;filial_1
166;67753687035407;Nádia Costa Filho;(15) 82742-6207;03-Oct-1962;MT;male;filial_1
167;81.363.811/1402-44;Sr. Enoque Batista Neto;(02) 3637-1825;27-Mar-1968;Pará;male;filial_1
168;35.511.247/3627-33;Lucicleide;(06) 6763-7604;17-Sep-1970;Rio de Janeiro;female;filial_1
169;63764735805;Marcele Moreira;+55 (51) 5376-9383;05-Jun-1967;Mato Grosso;;filial_1
170;13515528563;Jodeir Filho;+55 (06) 3349-5774;16-Jan-1989;PB;female;filial_1
171;74600722880245;Peter Franco;(97) 9892-2137;15-Feb-1974;Amapá;female;filial_1
172;52976173168;George Carvalho;(29) 94349-9909;12-Jan-1988;Espírito Santo;male;filial_1
173;48714889188;Dr. Caren Pereira;(09) 7306-2094;20-Feb-1971;RR;male;filial_1
174;302.182.791-83;Bosco Albuquerque;Resposta;08-Feb-1963;Acre;male;filial_1
175;52437326219;Raimunda Barros Jr.;+55 (56) 8246-8005;04-Mar-1964;Sergipe;female;filial_1
176;144.476.878-60;Sr. Desirê Moreira;+55 (39) 9873-9732;09-Dec-1966;ES;male;filial_1
177;73418438709;Sr. Sofia Santos;(60) 3792-5271;28-Jan-1968;Espírito Santo;male;filial_1
178;051.214.488-56;Christina Carvalho;(65) 52763-3322;18-Sep-1973;PE;female;filial_1
179;16781004216286;Sr. Sra. Januário Souza Jr.;(52) 4871-2385;17-Oct-1965;Amapá;male;filial_1
180;783.359.236-63;Adaires Franco;(25) 88636-1301;07-Aug-1965;Sergipe;male;filial_1
181;11.768.173/4328-01;Srta. Marlene Franco Jr.;(94) 1148-8115;06-Apr-1970;MA;male;filial_1
182;55371638458;Dr. Srta. Celsi Costa;(23) 68687-0265;22-May-1988;Espírito Santo;male;filial_1
183;96778175583;Srta. Elisio;+55 (23) 7072-2911;10-Nov-1987;Bahia;male;filial_1
184;22713519012;Cecília Carvalho;(32) 1311-5049;15-Oct-1980;Santa Catarina;female;filial_1
185;64461588742;Natália;(59) 20463-2425;20-Feb-1963;Santa Catarina;female;filial_1
186;78354866874;Dr. Decio Souza Jr.;+55 (62) 7024-9440;13-Dec-1986;MA;;filial_1
187;68.015.235/6346-02;Srta. Srta. Gláucia Carvalho;(90) 7216-9386;10-Aug-1985;Bahia;female;filial_1
188;54120361470;Adriano Batista Neto;Configuração;09-Jul-1966;GO;;filial_1
189;00147553008;Srta. Léo Xavier Jr.;(46) 7838-8168;05-Oct-1980;PA;;filial_1
190;385.047.401-10;Geisa Moraes;(31) 66351-7284;09-Oct-1971;Tocantins;male;filial_1
191;28783523782;Kensuke;+55 (37) 8416-6409;01-Jan-1967;Santa Catarina;male;filial_1
192;22642691110;Sra. Elizabetth Carvalho;(59) 4358-3357;24-Jul-1985;Acre;female;filial_1
193;67660765623363;Sr. Bruno Souza;(25) 34686-6059;21-Aug-1989;Acre;female;filial_1
194;43408291454;Srta. Dalton Carvalho;(24) 77668-8867;07-Jan-1984;Rio Grande do Norte;male;filial_1
195;688.197.533-32;Cesar;(33) 22380-7277;24-Mar-1988;Maranhão;;filial_1
196;954.221.219-45;Dr. Benedita Nogueira;(30) 20805-5980;07-Jun-1973;São Paulo;female;filial_1
197;12153488516;Peregrino Albuquerque;(02) 8922-9726;11-Sep-1969;DF;female;filial_1
198;24043433867;Renivaldo Braga Neto;(52) 97817-5150;21-Nov-1987;Rio de Janeiro;male;filial_1
199;44812272815;Ronivaldo Costa;(22) 46615-1456;31-Dec-1963;Goiás;male;filial_1
200;251.885.251-43;Laurent Oliveira Neto;(11) 7790-9126;11-Jun-1968;AC;female;filial_1
201;73957077613;Dr. Mercedes Melo;(85) 4657-6075;10-May-1982;Rondônia;female;filial_1
202;65123792503;Dener Silva;(48) 2273-7947;03-Oct-1966;Minas Gerais;male;filial_1
203;88476137281;Benvindo Santos Jr.;(72) 6699-3138;03-Jul-1980;Piauí;female;filial_1
204;04737924784;Sr. Ambrosina;+55 (92) 2489-8887;21-May-1979;Sergipe;male;filial_1
205;03347306198;Sr. Deivid;(23) 5619-4782;20-Dec-1971;RJ;male;filial_1
206;77172400844;Marília Silva Filho;(02) 3474-4243;29-Mar-1980;SP;male;filial_1
207;50374658692;Analeia Braga;(84) 51240-4556;24-Dec-1989;BA;male;filial_1
208;12241588706502;Kilder Oliveira;(04) 36080-7383;10-Dec-1976;PB;male;filial_1
209;895.161.548-08;Mara Batista;(12) 71981-6182;17-Jan-1966;Rio de Janeiro;male;filial_1
210;207.071.983-99;Liliam Souza;(92) 7477-5562;19-May-1971;PR;male;filial_1
211;20331163870;Sr. Eleni Pereira Neto;+55 (75) 4782-3381;25-Feb-1975;PI;female;filial_1
212;45348076268038;Sr. Elizabetth Braga Neto Neto;(24) 8702-3415;21-Jan-1972;BA;female;filial_1
213;26882890129;Gerusa Martins;+55 (72) 1423-8457;28-Jan-1982;PE;;filial_1
214;513.277.016-93;Josiene Neto;(88) 3314-8191;24-Jan-1973;Rio de Janeiro;;filial_1
215;63870485374868;Dr. Flavia Jr.;(43) 29677-0008;03-Feb-1975;MS;male;filial_1
216;86784778227;Srta. Hajime Moraes Jr.;(28) 9963-0230;04-May-1972;Espírito Santo;;filial_1
217;26436446486203;Srta. Lindonjonson Carvalho;(39) 1974-4703;22-Feb-1962;Rio Grande do Norte;;filial_1
218;83534385622871;Marçal Pereira Neto;(61) 4162-3654;01-May-1980;Sergipe;;filial_1
219;83994784581;Rodrigo Moraes;(66) 31886-8688;11-Aug-1967;Pará;male;filial_1
220;56845332649;Sandoval Batista;(73) 48958-3617;27-May-1966;RS;male;filial_1
221;23781402071359;Rute Braga Filho;+55 (45) 3838-8574;14-Feb-1972;Paraíba;male;filial_1
222;74.128.208/1575-30;Nestor Costa;(27) 7936-9405;09-Dec-1983;Tocantins;male;filial_1
223;483.787.845-84;Neci Nogueira;+55 (27) 4877-9263;24-Jul-1981;AP;female;filial_1
224;63.574.807/0870-91;Idalina Melo;(33) 87259-4612;30-Jun-1963;MT;female;filial_1
225;21791062547;Srta. Alegria Xavier;+55 (49) 9862-8570;06-Mar-1965;Roraima;male;filial_1
226;37016933741;Sra. Otávio Melo;(84) 5187-6080;20-Sep-1977;PA;female;filial_1
227;36557115812;Joás Martins Jr.;+55 (92) 5530-1646;16-Aug-1988;SP;female;filial_1
228;216.137.861-90;Ryoko Pereira;(36) 9075-0706;19-Jan-1978;PI;female;filial_1
229;168.213.752-08;Srta. Nilcea Moreira Filho;(83) 4113-5940;10-Jun-1977;Goiás;female;filial_1
230;61533171467;Dr. Roberta Souza;(83) 1310-5773;26-Dec-1967;PR;;filial_1
231;41336746424;Sra. Walterberg Saraiva;(40) 6245-3707;16-Dec-1962;GO;male;filial_1
232;07077540545;Sra. Valter Moreira;(47) 21124-5243;30-Sep-1973;RS;male;filial_1
233;16.266.332/3822-50;Sra. Roberta Saraiva;+55 (81) 2584-9918;12-Apr-1966;ES;female;filial_1
234;43894731826;Elizaerte Melo;Mercados;07-Nov-1983;Espírito Santo;female;filial_1
235;746.285.077-08;Josuilton Moreira;(63) 6514-5126;27-Nov-1964;Amazonas;male;filial_1
236;318.545.761-78;Rosemary Silva;(95) 08175-8903;16-Feb-1980;São Paulo;;filial_1
237;68186896201;Srta. Agenor;+55 (62) 7288-1245;24-Dec-1971;Rio Grande do Sul;male;filial_1
238;06158376165708;Sr. Mariangela Santos;(51) 5667-8600;29-Mar-1972;PI;male;filial_1
239;10.070.447/7828-06;Sra. Cleônidas Xavier;(49) 21144-3611;02-Jul-1977;Distrito Federal;male;filial_1
240;52142155502;Eduani Reis;(26) 2064-9044;09-Nov-1986;RS;female;filial_1
241;30046840587653;Cilene Xavier Neto;(28) 3853-6016;09-Oct-1979;Pará;;filial_1
242;78523081550;Srta. Angélio Barros Filho;+55 (43) 8164-6501;06-Aug-1974;SC;female;filial_1
243;28891031615;Cleuni Carvalho Filho;(41) 7285-3718;31-May-1973;Tocantins;male;filial_1
244;87820704667;Clélia Moraes Jr. Jr.;(22) 3397-5518;24-Sep-1964;Rio de Janeiro;male;filial_1
245;14281088553855;Agnaldo Macedo;+55 (96) 6195-7121;20-Sep-1988;Pará;female;filial_1
246;60.710.423/4637-39;Vanda Batista;(36) 18831-8722;29-Sep-1988;Paraíba;female;filial_1
247;855.057.852-55;Andréia Albuquerque Filho;(60) 8609-4783;20-Feb-1974;Rondônia;female;filial_1
248;71711221902;Célio;Pesquisa;02-Jan-1969;SC;female;filial_1
249;36.418.375/1452-78;Alexandra;(31) 12825-1370;16-Jun-1966;Ceará;male;filial_1
250;40.310.873/3480-30;Enoque Silva;+55 (68) 9728-6992;17-Dec-1973;Rio Grande do Sul;female;filial_1
251;76541004183200;Marisete Macedo;(87) 42330-3051;11-Dec-1984;São Paulo;female;filial_1
252;55531281706;Julie;(07) 13748-9861;26-Dec-1987;Ceará;;filial_1
253;641.120.749-64;Karine Carvalho;+55 (01) 2081-8670;12-May-1975;Piauí;male;filial_1
254;41374504807;Sofia Souza Neto;+55 (76) 3616-6717;13-Jan-1976;Rio de Janeiro;male;filial_1
255;58561736457240;Jai Franco;(74) 39401-5834;29-Nov-1989;MS;female;filial_1
256;69343245289;Camilo Silva Filho;(28) 3871-6862;04-Mar-1982;PR;male;filial_1
257;166.625.461-43;Eraldo Albuquerque Jr.;(45) 55788-0542;12-Nov-1966;MS;female;filial_1
258;77523673384;Edesio Costa;(71) 8817-5580;12-May-1970;Rio Grande do Sul;female;filial_1
259;85.205.058/8723-18;Etevaldo Costa;Usabilidade;21-Sep-1989;SP;female;filial_1
260;18350737147893;Sr. Torao Moreira;(44) 0833-7467;03-Jan-1982;Goiás;;filial_1
261;380.880.545-59;Aloisio Martins;+55 (99) 4138-2968;01-Oct-1978;Sergipe;female;filial_1
262;88891850748;Anita Melo Filho;+55 (63) 9454-9000;30-Aug-1986;GO;male;filial_1
263;24454533104667;Melisa Albuquerque;(14) 91738-7897;17-May-1982;RO;female;filial_1
264;377.022.574-07;Sra. Nádia Souza;(71) 0745-4209;29-Jul-1978;Rio de Janeiro;male;filial_1
265;15316655253430;Sra. Nayara Braga;+55 (90) 7519-9631;26-Jul-1964;Maranhão;male;filial_1
266;125.726.911-91;Walmir Moraes Neto;+55 (46) 3152-6082;14-Jan-1969;RN;female;filial_1
267;42830448731;Auxiliadora Souza Filho;+55 (07) 4264-3161;16-Dec-1977;RO;female;filial_1
268;83053636867;Sr. Marlene Melo;(01) 3096-6784;15-Aug-1973;DF;;filial_1
269;87788327364516;Vanoil Batista;+55 (03) 6000-5988;10-Jan-1982;Goiás;male;filial_1
270;24180816806;Anne Moraes Filho;+55 (72) 0102-0037;23-Jun-1971;AM;male;filial_1
271;66661334398;Luciana Oliveira;+55 (74) 6432-8221;28-Dec-1986;AC;female;filial_1
272;612.362.201-37;Edna;+55 (09) 4224-6589;17-Aug-1963;Mato Grosso;male;filial_1
273;31396572422;Milton Reis;(23) 48312-5919;19-Jan-1981;CE;male;filial_1
274;904.760.535-79;Auristela;(69) 84071-1907;31-Jul-1974;Distrito Federal;;filial_1
275;45351435311890;Odineide Pereira;(98) 87062-2445;19-Oct-1969;Rio Grande do Norte;male;filial_1
276;21028652713178;Sra. Dario Batista;Otimização;01-Nov-1984;RR;male;filial_1
277;27743426432;Lorene Jr.;(28) 49770-0162;25-Oct-1974;Santa Catarina;female;filial_1
278;213.599.361-14;Alain Carvalho Jr.;(00) 23414-0630;23-Feb-1969;AP;male;filial_1
279;713.170.271-40;Leandro Moreira Filho;(47) 2471-3091;27-Sep-1964;RO;;filial_1
280;988.618.172-97;Sra. Irismar Reis;+55 (52) 5668-0839;22-Jun-1982;RN;female;filial_1
281;83763803890;Lenycia Carvalho Jr.;(51) 5000-2073;10-Dec-1971;ES;female;filial_1
282;03375343147499;Sr. Dr. Crispim Reis;(20) 18288-3067;28-Mar-1970;Rio de Janeiro;female;filial_1
283;67234762108242;Gislaine Costa;(33) 14660-8623;25-Aug-1975;MT;male;filial_1
284;71628064307;Valdemar;+55 (46) 8261-2190;20-Aug-1966;RR;male;filial_1
285;23559933005;Srta. Sr. Iris Santos Jr.;+55 (75) 3680-4937;16-Aug-1964;SP;male;filial_1
286;02848646411;Sr. Flávia Reis Neto;(78) 4007-8103;05-Nov-1970;PB;female;filial_1
287;77537410801;Hormino Carvalho Jr.;+55 (02) 7075-4967;04-Dec-1981;Roraima;male;filial_1
288;857.160.671-40;Vítor;+55 (76) 6387-9470;01-Dec-1986;Acre;female;filial_1
289;895.104.373-87;Dr. Ednilton Moraes;(38) 87773-8459;09-May-1978;Piauí;;filial_1
290;03017007464445;Sr. Carlos Braga;(45) 26348-7442;17-Oct-1979;BA;female;filial_1
291;62.783.867/7052-43;Sr. Robisnei Silva;Operações;06-Aug-1976;Santa Catarina;;filial_1
292;43144454087;Sr. Josuelito Carvalho Filho;+55 (42) 9639-4262;31-Jul-1985;Amapá;female;filial_1
293;20255897430;Aparecida Albuquerque;(64) 6607-0346;12-Jan-1990;Mato Grosso;male;filial_1
294;69236703143;Nayara;+55 (66) 5912-9542;02-Sep-1980;Amazonas;;filial_1
295;57333238415;Josenildo Moreira;(79) 2240-6187;10-Dec-1979;GO;female;filial_1
296;31835186432;Sr. Celcina Moraes;+55 (23) 5084-8947;02-Oct-1985;Mato Grosso do Sul;male;filial_1
297;44595647697;Dr. Jhony Santos;(55) 86382-2602;23-Jul-1977;Alagoas;;filial_1
298;778.661.472-99;Jeane Barros Jr.;+55 (65) 2519-4865;08-Jan-1989;MA;female;filial_1
299;57477743362;Josimara Santos Neto;(61) 4538-6703;26-Apr-1968;Amapá;female;filial_1
300;455.350.523-10;Célia Moreira;(50) 5201-9336;27-Jun-1979;Bahia;female;filial_1
301;10236134760;Dr. Giseli Oliveira;+55 (86) 9376-8841;11-Jun-1985;Paraíba;female;filial_1
302;52084811174705;Srta. Sr. Altair Barros Neto;(13) 95383-6720;08-Oct-1985;BA;female;filial_1
303;87876663400;Sr. Clarita Reis;+55 (27) 1062-3510;02-Dec-1987;Roraima;male;filial_1
304;87540642180208;Rita Costa Jr.;+55 (98) 2917-6480;03-Sep-1966;Rio Grande do Norte;male;filial_1
305;94855069299;Sr. Tersildo Reis;(77) 14262-6418;17-Sep-1985;Piauí;male;filial_1
306;086.126.543-27;Viviana;(86) 4010-9324;26-Mar-1984;RO;female;filial_1
307;359.882.475-04;Alevir Franco Neto;+55 (11) 7637-5160;09-Jul-1963;Pernambuco;female;filial_1
308;134.703.122-73;Jeoacaz Carvalho;+55 (07) 6017-8743;15-Oct-1975;SC;male;filial_1
309;33191754830;Dr. Nobuo Martins Filho;(20) 9604-7486;26-Jul-1986;Rio Grande do Norte;male;filial_1
310;36127650356;Sra. Eliude Souza Jr.;(30) 0688-5269;21-May-1962;Amazonas;male;filial_1
311;21869259580;Dr. Claudete Moraes Neto;(29) 26478-1827;18-May-1982;AP;female;filial_1
312;33266131563144;Robinson Albuquerque;(49) 5564-2384;15-Nov-1979;Pará;male;filial_1
313;56145826908;Roger Carvalho Jr.;(17) 08098-8505;16-Feb-1963;Rio Grande do Sul;female;filial_1
314;50347223648;Sr. Aparecido Pereira;(17) 81480-6872;12-Jun-1984;RN;female;filial_1
315;38680738093;Enithevaldo Costa Neto;(77) 47468-6425;07-Jun-1988;AC;male;filial_1
316;15531800318203;Yuriê Silva;(97) 70891-6793;21-Aug-1971;SP;male;filial_1
317;88548793120;Graziela Martins Jr.;+55 (16) 7309-4011;29-Jun-1969;PI;male;filial_1
318;26734065516711;Amanda Silva Jr.;(24) 5077-1944;18-Jun-1975;Rio Grande do Norte;female;filial_1
319;932.151.416-39;Srta. Cercio;(04) 7998-0064;14-Sep-1971;Rio de Janeiro;female;filial_1
320;269.155.257-85;Ilana Neto;(32) 5862-9950;26-Oct-1969;AP;male;filial_1
321;75779816131;Sr. Dr. Benvindo Costa;(05) 71861-0463;06-Feb-1982;ES;;filial_1
322;277.283.076-49;Dione Martins;(35) 7161-0593;14-Mar-1974;Rio de Janeiro;female;filial_1
323;33218281202;Dr. Gabrielle Souza Neto;+55 (59) 9729-0115;12-Nov-1962;São Paulo;female;filial_1
324;84685274245;Averlandson Braga Jr.;(25) 64051-4943;05-Oct-1970;Sergipe;female;filial_1
325;504.948.892-33;Srta. Ediraci Costa;(26) 96860-9657;26-Jan-1986;Rio de Janeiro;male;filial_1
326;37585587430;Veronildo Carvalho;(36) 2995-5867;19-Mar-1979;SP;male;filial_1
327;793.816.973-02;Edi Nogueira;(33) 21389-6213;03-Jun-1986;AC;male;filial_1
328;68563265300;Maureni Xavier;(55) 2230-1801;10-Feb-1980;PB;male;filial_1
329;27435283118;Quimie;(19) 30198-8013;12-Jul-1964;BA;male;filial_1
330;335.469.864-07;Edison Moreira;(88) 4107-2609;12-Dec-1983;SC;male;filial_1
331;87628664601;Sr. Wilma Albuquerque Jr.;+55 (67) 6912-3329;06-Feb-1971;AP;female;filial_1
332;61855321661;Sra. Aluísio Saraiva;(12) 21376-0885;06-Apr-1971;Roraima;male;filial_1
333;18066720540063;Juvêncio Moraes;(71) 5870-5986;29-Aug-1979;PA;male;filial_1
334;55.588.384/5847-60;Elita;+55 (73) 4254-3321;04-Feb-1989;Ceará;female;filial_1
335;36677973549;Larissa Macedo Filho;(57) 14023-9232;05-Jul-1965;DF;;filial_1
336;42.536.231/8578-04;Srta. Erivelton Moreira Filho;(41) 7439-3820;31-Dec-1988;RJ;male;filial_1
337;779.436.646-12;Verônica Carvalho;(98) 4768-6138;27-Mar-1968;Amazonas;male;filial_1
338;23174590256;Fabrisa Braga;(12) 5878-0690;31-Jul-1981;CE;male;filial_1
339;13727746106;Augusto Souza;(27) 7764-2588;06-Apr-1984;Distrito Federal;male;filial_1
340;320.151.151-02;Srta. Marisvaldo Barros Neto Filho;(67) 58703-8044;10-Jul-1973;RO;female;filial_1
341;44.026.634/3437-11;Srta. Jansley Xavier Neto;(98) 82792-7854;16-Aug-1988;Distrito Federal;female;filial_1
342;782.568.278-58;Sibèlle Macedo;+55 (13) 0506-1466;07-Jun-1964;PB;;filial_1
343;48908633200;Inês Moraes;(68) 74624-6885;03-Jun-1962;GO;;filial_1
344;73340952191;Sra. Annibal Batista Jr.;Criativo;10-Jan-1981;AC;male;filial_1
345;10576643084;Cynthia Silva;(08) 74099-1312;26-Jul-1983;PI;;filial_1
346;355.821.388-20;Sr. Kilder Jr.;(72) 66507-5262;25-Dec-1984;GO;female;filial_1
347;27074137391;Margaret Nogueira;+55 (41) 7287-1451;11-Sep-1976;AC;female;filial_1
348;88.804.571/7546-20;Jacira Reis Jr.;(28) 2471-9831;08-Nov-1970;PE;female;filial_1
349;36339515711;Mauricio Batista;(58) 65327-5121;24-Apr-1969;Goiás;female;filial_1
350;81424526057631;Dr. Cecília Oliveira;+55 (35) 4281-1775;29-Sep-1968;São Paulo;male;filial_1
351;300.270.867-47;Sr. Josenilde Melo Neto;(42) 86064-3810;03-Oct-1969;PA;female;filial_1
352;77822129287;Wladimir Oliveira Jr.;+55 (25) 2867-8368;08-Mar-1963;Mato Grosso do Sul;female;filial_1
353;111.787.141-01;Maristela;(16) 4916-6118;03-Apr-1969;CE;female;filial_1
354;112.134.667-76;Sr. Edivânia Moreira;(48) 71091-6829;14-Jan-1981;Amazonas;female;filial_1
355;63186263107;Srta. Iracy Macedo;(75) 4372-1897;27-Feb-1973;CE;male;filial_1
356;22165574633;Teotonio;(67) 5677-1295;25-Sep-1968;MT;male;filial_1
357;724.456.601-81;Ricarda Barros;(54) 89897-5325;07-Jan-1970;Amazonas;female;filial_1
358;129.604.569-20;Lucelio;(63) 3359-7181;17-Aug-1962;Mato Grosso;male;filial_1
359;454.863.884-97;Elton Albuquerque Jr.;Rede;26-Jul-1967;Pará;female;filial_1
360;64.364.030/8546-14;Dr. Rosângela Oliveira;(76) 3895-3585;10-Jul-1972;RS;male;filial_1
361;40142544450;Ralph Saraiva Neto;Paradigma;01-Apr-1987;RJ;;filial_1
362;29893952700;Margareth Braga;(57) 4479-1746;20-Jun-1975;MA;female;filial_1
363;45985832317;Sr. Michelle Souza;(86) 1084-9576;27-Dec-1966;PA;female;filial_1
364;636.985.228-70;Valdimar Xavier Jr. Neto;(34) 49065-3869;08-Apr-1966;Santa Catarina;male;filial_1
365;38688486492;Angela Silva Filho;(39) 54050-3844;25-Jul-1989;AL;female;filial_1
366;56266363585;Dr. Sra. Sivaldo Barros Neto;(10) 8459-3913;28-Feb-1967;SC;male;filial_1
367;912.828.485-26;Gislandio Souza;+55 (05) 9872-7036;26-May-1965;Minas Gerais;female;filial_1
368;16288486779;Sr. Edilom Albuquerque Neto;(68) 5285-8922;11-May-1966;ES;male;filial_1
369;77215148190;Srta. Enilson Souza Filho;Táticas;30-May-1966;Acre;female;filial_1
370;465.288.226-20;Fabricio Oliveira Jr.;(98) 53224-5649;10-Jan-1972;Pernambuco;female;filial_1
371;33562471814646;Valderi Carvalho;+55 (11) 2227-8925;26-Jun-1979;PA;female;filial_1
372;384.367.334-95;Sr. Marisa Melo Jr.;+55 (79) 5626-3205;02-Aug-1979;Pernambuco;female;filial_1
373;11887637531600;Josimara;(60) 8441-7068;10-Apr-1963;Maranhão;male;filial_1
374;725.737.952-17;Sr. Valdomiro Costa Filho;+55 (78) 2679-7352;01-Feb-1988;RS;male;filial_1
375;51134591357;Lucelia Xavier Filho;(65) 6321-9001;26-Jul-1975;AM;female;filial_1
376;062.154.670-49;Eva Filho;(82) 6187-7209;24-Aug-1982;RR;male;filial_1
377;65639176237;Vivaldo Melo Jr.;(28) 48940-5830;31-Mar-1983;Bahia;female;filial_1
378;548.235.775-90;Leonel Oliveira;+55 (33) 5335-4813;15-Dec-1988;Piauí;female;filial_1
379;56727364168;Villy Braga Filho;(82) 7646-3640;17-Mar-1980;CE;female;filial_1
380;00.287.858/4305-15;Aluisio;(73) 58208-1265;20-Nov-1983;Paraná;male;filial_1
381;239.544.125-27;Marcloves Carvalho;(46) 2596-8103;04-May-1976;RR;female;filial_1
382;19059183991;Francimar Oliveira Filho Jr.;+55 (73) 2632-9937;18-Mar-1970;AM;male;filial_1
383;78793483872;Viviane Franco Jr.;+55 (32) 4592-1117;29-Aug-1977;Rio de Janeiro;female;filial_1
384;371.349.913-69;Srta. Diane Melo;(14) 3561-8398;14-Aug-1971;ES;female;filial_1
385;51523458623;Marli Franco Jr.;(91) 9471-7127;28-Sep-1968;RS;male;filial_1
386;43.801.620/1475-83;Sra. Gilvane Batista Filho;(94) 3473-0968;10-Jan-1974;Rio Grande do Sul;male;filial_1
387;15.633.130/2106-13;Marinete Albuquerque Filho;(88) 1584-7259;28-Apr-1989;MA;male;filial_1
388;27155608817407;Srta. Itacir Melo;(75) 68575-4351;22-Feb-1964;PE;male;filial_1
389;017.363.094-47;Srta. Laurilan Reis;(66) 16299-5918;14-Apr-1981;Rio Grande do Sul;female;filial_1
390;46324286398;Leonardo Albuquerque;+55 (67) 2412-0027;13-Dec-1980;PI;male;filial_1
391;88022127431803;Selma Nogueira;(87) 9227-0375;20-Jan-1967;Roraima;female;filial_1
392;13715318384;Dr. Larissa Carvalho;(99) 50545-8654;27-Jun-1970;AC;;filial_1
393;22856801587693;Josuilton Xavier;+55 (66) 5217-9604;02-Oct-1962;Goiás;male;filial_1
394;104.148.525-59;Sra. Elan Melo;+55 (66) 2241-7472;18-Aug-1984;Rio Grande do Sul;male;filial_1
395;01214429009;Dr. Elisena Xavier Neto;(49) 4032-9136;28-Sep-1987;RJ;female;filial_1
396;464.572.591-20;Elizethe Melo Filho;(30) 6088-6129;16-May-1973;Piauí;male;filial_1
397;15353078722626;Odenir Moraes;+55 (10) 2819-4773;25-Feb-1979;Paraná;male;filial_1
398;63466715962;Josè Nogueira Filho;(38) 68724-7302;06-Dec-1971;RO;;filial_1
399;057.410.161-62;Cássio Moreira;(60) 1464-5584;24-Oct-1984;Piauí;male;filial_1
400;24560077418499;Vosclei Barros;+55 (55) 8103-0555;23-Jul-1977;PI;female;filial_1
401;14888756341;Ailson Pereira;(40) 38425-5209;09-Aug-1986;Sergipe;female;filial_1
402;170.487.586-27;Silvana;(20) 68444-2759;26-Oct-1971;Distrito Federal;female;filial_1
403;70.458.642/8221-22;Srta. Andréia Oliveira;(94) 96879-1167;17-Sep-1964;PI;male;filial_1
404;58512344741;Aldenir Oliveira;+55 (27) 2409-5815;01-Dec-1975;Pernambuco;female;filial_1
405;304.063.723-14;Silvania Moraes;+55 (35) 4678-4468;17-Sep-1971;PR;male;filial_1
406;47414448215;Sulamita Saraiva Neto;(35) 5913-8149;05-Nov-1976;Roraima;;filial_1
407;38374713658;Dr. Joarez Barros Jr.;+55 (53) 6341-8177;13-Dec-1979;São Paulo;female;filial_1
408;38453056579;Gleibson Costa Neto;(04) 5639-3024;08-May-1989;Paraíba;male;filial_1
409;02726717705;Elisa Souza;+55 (08) 9269-7828;03-Sep-1980;Rio Grande do Norte;male;filial_1
410;80163856837580;Dr. Vânia Carvalho Neto;+55 (15) 8171-3999;14-Mar-1985;Mato Grosso do Sul;;filial_1
411;14.723.031/1658-50;Hercilia Pereira;(09) 57264-0346;30-Apr-1981;PA;;filial_1
412;940.347.807-11;Augusto Reis Jr.;+55 (67) 5471-5052;01-Mar-1966;MT;female;filial_1
413;73123628183;Aloisio Santos;(56) 9069-9710;03-Sep-1963;Roraima;male;filial_1
414;81.848.600/8465-60;Srta. Glaydson Xavier Neto Jr.;(56) 30472-3214;07-Mar-1988;PA;male;filial_1
415;93210581410;Sr. Giuvam Macedo Jr.;+55 (50) 0089-7118;28-Aug-1962;Piauí;;filial_1
416;47854173664;Souza Moreira;+55 (99) 4408-3095;18-Mar-1975;PI;male;filial_1
417;74298316130;Adevaldo Moreira;(82) 23430-0271;12-Jan-1971;PA;male;filial_1
418;37568613410;Rosilene Saraiva Neto;(97) 0391-4217;20-Oct-1963;Paraná;;filial_1
419;79935247686;Valdir Braga;(08) 87577-9992;17-Mar-1972;RJ;male;filial_1
420;56614454153;Nadir Macedo;(45) 88945-3374;18-Mar-1983;Maranhão;male;filial_1
421;70935683003;Waldecir Batista;(81) 0260-8239;15-Apr-1989;Ceará;;filial_1
422;88958552484;Railton Filho;(07) 32623-5557;13-Sep-1989;Amapá;;filial_1
423;668.536.637-05;Dr. Arnulfo Pereira;Grupo;15-Jan-1972;Alagoas;female;filial_1
424;06349127803;Dickson Carvalho;(01) 3531-1051;27-Mar-1988;Paraná;;filial_1
425;16031802570;Viviana Barros Jr.;(50) 70025-7501;06-Jul-1965;PI;;filial_1
426;66151874269;Srta. Cleyton Melo;(44) 4120-4241;03-Dec-1962;RR;female;filial_1
427;67426212715709;Elcy Carvalho Filho;(78) 68788-9136;02-Apr-1966;RO;male;filial_1
428;737.086.803-67;Geisa Albuquerque;+55 (36) 5362-5388;08-Dec-1962;Sergipe;female;filial_1
429;28971478810;Sr. Celcina Martins;+55 (10) 2163-4816;19-May-1984;PE;female;filial_1
430;49173418170;Josefa Silva;(23) 34834-4726;29-Mar-1976;CE;male;filial_1
431;77474301326;Mércia Moraes Jr.;(97) 6812-1082;31-Jul-1986;RN;male;filial_1
432;27311834899;Doracy Macedo;+55 (41) 2208-5788;02-Jun-1980;Rio Grande do Norte;female;filial_1
433;14353424828860;Irineu Silva Jr.;(92) 90755-1513;05-Sep-1970;Roraima;female;filial_1
434;92897161183;Elan Oliveira;(76) 55613-6059;25-May-1974;AP;male;filial_1
435;34124632487;Dr. Otoniel Carvalho;(91) 7441-9706;24-Jun-1976;RO;male;filial_1
436;28.600.143/1770-88;Sr. Sra. Cármen Albuquerque Filho;(60) 5738-2208;13-Jul-1978;Pará;female;filial_1
437;84085067907;Srta. Tetsu Moreira;(63) 0131-6750;16-Oct-1970;PB;female;filial_1
438;22173674129;Ivani Carvalho;+55 (52) 8158-6907;06-Apr-1973;SP;female;filial_1
439;28793869770;Vera Saraiva Jr.;(77) 06941-9835;14-Jul-1965;Roraima;female;filial_1
440;835.547.313-23;Elton Martins Jr. Jr.;(17) 9946-8617;19-Aug-1962;ES;male;filial_1
441;110.572.766-18;Zdravko Reis Filho;(28) 5829-9552;30-Jan-1986;Bahia;male;filial_1
442;76780075571355;Aldenir Melo;(82) 9844-6157;27-Apr-1963;Goiás;male;filial_1
443;65925766423;Zilmar Carvalho;+55 (67) 3940-0159;18-Apr-1966;AM;male;filial_1
444;71817382160;Dr. Suzan Albuquerque;+55 (72) 9929-8028;24-Feb-1963;Espírito Santo;female;filial_1
445;36311128403;Oscild Oliveira Filho Jr.;(08) 30386-0416;02-Nov-1972;Goiás;male;filial_1
446;46.158.610/2283-06;Dr. Shinpei Costa;+55 (77) 4103-6400;08-Dec-1971;Amazonas;;filial_1
447;51.758.452/3565-17;Edevaldo Barros;(87) 24379-4515;05-Mar-1967;BA;;filial_1
448;46584108250796;Sr. Simon Moraes Jr.;+55 (61) 2103-3959;21-Jul-1987;RS;male;filial_1
449;38475531287305;Hipolito Santos Filho;(28) 4304-1888;02-Feb-1969;GO;female;filial_1
450;24232363289;Amós Reis;(35) 6878-8824;30-Mar-1983;Distrito Federal;male;filial_1
451;765.839.805-50;Gabriel Moreira Neto;(37) 19988-2071;09-Nov-1964;Paraíba;female;filial_1
452;14464462472;Phyllis Nogueira;+55 (47) 7850-2265;07-Jun-1971;MS;female;filial_1
453;543.648.932-00;Srta. Ernandes Carvalho;(84) 7238-1478;06-Dec-1971;SC;female;filial_1
454;44661802454;Milena Filho;+55 (22) 9323-5482;23-Aug-1962;Maranhão;female;filial_1
455;50807821645820;Carmencita Moraes Jr.;(80) 28373-6290;26-Aug-1985;PE;male;filial_1
456;350.217.652-30;Kiyoko Franco Neto;(29) 2616-5360;17-Feb-1976;GO;female;filial_1
457;87763752224546;Edileuza Moraes Filho Neto;(30) 24544-8590;02-May-1979;Rio Grande do Norte;male;filial_1
458;876.877.988-72;Lindomar Reis;(78) 77386-4006;11-Mar-1971;Rondônia;female;filial_1
459;62808537046040;Joelmir Oliveira;+55 (42) 8666-6541;31-Mar-1967;Mato Grosso;male;filial_1
460;45541962323;Srta. Isi Braga;+55 (26) 0264-9252;30-Aug-1974;PR;male;filial_1
461;44949772848;Sr. Jorselino Franco Neto;+55 (28) 0416-0454;30-Jul-1976;Amapá;male;filial_1
462;15608144899;Srta. Leonildo Franco;(49) 1255-6988;19-May-1982;AP;female;filial_1
463;58680158356;Laurindo Macedo;+55 (61) 1260-4859;16-Feb-1984;Rio Grande do Norte;male;filial_1
464;33137407230;Srta. Dirceu Nogueira;(72) 7356-9679;16-Mar-1986;Goiás;;filial_1
465;699.908.644-38;Elenice Barros Jr.;(90) 98057-7806;30-Oct-1985;Pernambuco;male;filial_1
466;28.863.034/1604-01;Suzan Oliveira Filho Jr.;(18) 05478-9170;07-Jan-1980;Minas Gerais;male;filial_1
467;12862473227;Sr. Sra. Herminio Pereira Neto;(78) 6214-7454;26-Mar-1974;PR;female;filial_1
468;27162085652;Lourdes;+55 (83) 3515-2043;29-Dec-1975;Rio Grande do Sul;male;filial_1
469;63754068812806;Sra. Markus Melo;(94) 52822-3016;17-Dec-1979;GO;male;filial_1
470;97793371488;Eron Santos;+55 (95) 9533-5906;23-Jan-1978;MS;;filial_1
471;11275575810488;Dr. Gylson;+55 (89) 3802-2412;28-Dec-1969;Acre;;filial_1
472;64449468325;Kátia Pereira Neto Jr.;(15) 00298-4333;10-Oct-1987;Sergipe;female;filial_1
473;781.796.716-40;Cristian Carvalho;(36) 93574-2674;05-Oct-1974;São Paulo;female;filial_1
474;46124752166;Dr. Claudir Pereira Neto;(86) 5624-2034;29-Jul-1965;Pará;male;filial_1
475;56477216213;Jader;(45) 7371-7734;17-Jan-1963;BA;female;filial_1
476;27657331758309;Ismael Silva;(95) 0960-0258;15-Oct-1968;Espírito Santo;male;filial_1
477;82146732598;Pier Carvalho;(98) 7574-2387;03-Dec-1965;Rio Grande do Norte;male;filial_1
478;78057480394;Dr. Liliane;(12) 8417-7578;19-Jul-1989;Acre;;filial_1
479;514.641.127-11;Margarete;+55 (16) 1505-6068;24-Sep-1988;Espírito Santo;male;filial_1
480;32415781193;Josefina Filho;(30) 0843-0714;27-Jun-1964;Rio de Janeiro;female;filial_1
481;88727016543510;Alison Costa;(65) 38051-0489;21-Sep-1983;Acre;female;filial_1
482;56015098597;Srta. Jailton Batista;(11) 21625-1232;11-May-1982;PB;male;filial_1
483;17086652180;Emanuel Santos Filho;(27) 3434-5736;26-Sep-1962;Amazonas;male;filial_1
484;579.352.467-34;Sr. Volney Pereira;(78) 19424-5298;09-Jan-1968;Alagoas;female;filial_1
485;89343240406;Geovan Reis;+55 (54) 0265-0494;18-Mar-1965;Tocantins;female;filial_1
486;64.162.140/3725-26;Marineide Braga;+55 (70) 8212-5942;19-Jan-1989;Roraima;male;filial_1
487;71203416423;Vanise Barros Jr.;(88) 51176-8537;02-May-1987;Alagoas;female;filial_1
488;55727354188;Jercinoel Pereira Jr.;+55 (08) 8702-1099;22-Jun-1979;PB;male;filial_1
489;43.170.640/4273-77;Sra. Sra. Silvestre Melo Neto;(40) 08893-1795;17-Oct-1976;RN;female;filial_1
490;61592688489;Sr. Cibele Melo;+55 (69) 6998-0374;18-Jul-1981;Goiás;male;filial_1
491;22518973567;Srta. Erivaldo Pereira;(23) 11164-4977;18-Sep-1970;Amapá;female;filial_1
492;818.212.764-50;Marcela Oliveira;+55 (40) 8706-2030;28-Aug-1970;RJ;male;filial_1
493;28472673367;Ana Jr.;+55 (74) 9359-8659;03-Sep-1973;Amazonas;male;filial_1
494;72640345574800;Sr. Cyntia;(78) 24113-4462;16-Feb-1971;Amazonas;female;filial_1
495;96518609443;Valdira Moraes Neto;+55 (13) 1942-1637;02-Mar-1988;AM;female;filial_1
496;85198121126;Dr. Fabrício Albuquerque;+55 (50) 6691-3173;24-Jul-1982;Paraná;male;filial_1
497;63176700187120;Srta. Silvia Franco;(87) 0162-2978;07-Sep-1971;MT;female;filial_1
498;47874111605;Omero;(97) 2871-6858;24-Feb-1964;RN;male;filial_1
499;56460518602;Sra. René Franco Jr.;(97) 39356-7883;22-Sep-1962;Goiás;female;filial_1
